,x_1,x_2,y
0,2.9118085367844344,4.100320217741883,0.0
1,3.7747455394345097,5.841075529215398,0.0
2,2.6154882836568043,5.183030451267958,0.0
3,2.0136937560533306,2.7252003954989346,0.0
4,2.7576250428901363,4.192592452864991,0.0
5,0.9739224589660608,3.7299653783000415,0.0
6,3.067274685752504,4.9647699778406205,0.0
7,2.7630940810409976,3.582682642764828,0.0
8,2.7757715031616277,3.3867291940392827,0.0
9,2.109829946384243,4.3390763532002525,0.0
10,3.0062627820831453,4.676401540353171,0.0
11,4.415774675691611,5.003663594575183,0.0
12,2.3143346897405888,4.37256861523217,0.0
13,2.888480487868737,4.143310743388921,0.0
14,1.539773585701402,2.984452809858724,0.0
15,1.7985399287286592,4.4325026267220515,0.0
16,2.70208907771358,4.020790991769288,0.0
17,3.555457838049921,4.959338525233612,0.0
18,2.553711832713607,3.87605167953198,0.0
19,2.4701405207725258,3.193054122724785,0.0
20,3.6056568878286748,5.16439979971601,0.0
21,1.621086266929102,2.21372424201809,0.0
22,2.469077773151488,3.438563078447071,0.0
23,4.528597143614875,6.2832648094206895,0.0
24,2.9673340398852988,3.462856119108942,0.0
25,3.8219885202703656,4.501335444122961,0.0
26,1.7327726993882644,3.5746482298272846,0.0
27,3.967968200866177,5.803811943311738,0.0
28,3.916161309250912,5.654535412528303,0.0
29,2.4406803761910614,3.7694577752319343,0.0
30,1.8515345813262487,3.077448117537373,0.0
31,2.1378378580819533,4.797009046482127,0.0
32,1.1434031057941314,2.9717591381211426,0.0
33,1.1220266740641454,4.1198630200354875,0.0
34,3.078520790681732,4.785700544838633,0.0
35,2.117735397263005,4.618738101877768,0.0
36,2.042344457758792,2.8980956680055745,0.0
37,2.0677472533422074,3.6012081656403407,0.0
38,3.708706065962588,4.758456268620893,0.0
39,3.1517867107173383,5.141709788322012,0.0
40,3.447712307921147,4.54954042419634,0.0
41,4.858036400187051,6.485869208651744,0.0
42,4.160120459847777,5.375249585744462,0.0
43,2.989940464490465,5.86954744415754,0.0
44,4.832526287905517,5.601615945677617,0.0
45,2.5664895681655295,4.100874862242891,0.0
46,3.865683966588378,4.43970544058706,0.0
47,2.922337704307901,5.011956945965881,0.0
48,0.2754818612543071,1.393234113794899,0.0
49,3.6279572432843694,4.93479632613226,0.0
50,3.854919905769036,3.39944701657007,0.0
51,1.4673915178943329,3.383353676983937,0.0
52,2.4910497251650874,4.359550898907107,0.0
53,2.567866447527323,3.205380433548957,0.0
54,2.571811845153308,3.4500038377161424,0.0
55,1.4070324241872123,3.246018366763796,0.0
56,2.373024238585853,4.856155352571378,0.0
57,3.219398168456589,5.273205860067474,0.0
58,2.0055648814872127,2.907634844059516,0.0
59,1.6851276082265976,4.389262210667404,0.0
60,2.826893201720085,5.1160717869704575,0.0
61,3.0467057035785867,2.9966707323846897,0.0
62,2.5214022652309294,3.887814477333902,0.0
63,2.8406779750511224,3.97214024919011,0.0
64,1.9194873215393304,4.203624925635568,0.0
65,3.617980266659125,5.332624328180079,0.0
66,3.3111693438940835,4.804980413762135,0.0
67,3.3058027859818613,5.069446034829389,0.0
68,2.8965581766440445,4.741276741678123,0.0
69,2.80424375959316,5.146214336525099,0.0
70,1.6682257185223337,3.916730300869301,0.0
71,2.8702403031183,4.176048255120549,0.0
72,3.0315157054894017,5.43630738645625,0.0
73,2.2476899103525234,4.054578809206289,0.0
74,4.765254995419818,4.801130880773343,0.0
75,2.1891850684489613,4.177720394429238,0.0
76,2.149940256348278,4.6975902930216575,0.0
77,3.5701735112614608,4.356045000461012,0.0
78,2.4195702147059195,3.7264787940118147,0.0
79,3.5289944105477,4.6002965118193515,0.0
80,4.481477201269053,5.656101086732641,0.0
81,3.1725105164324328,5.367931544791174,0.0
82,2.3071747952419104,4.001497631422228,0.0
83,3.064766697239834,4.352232044132043,0.0
84,4.1356836646773285,5.374217557228652,0.0
85,1.8993274004249143,4.703174800728298,0.0
86,3.8481745986368976,3.710015056840775,0.0
87,3.897610988696037,5.472788047241049,0.0
88,2.1969765460564066,4.585808821370764,0.0
89,1.8089498790983671,2.607964967891319,0.0
90,3.0668994696006804,5.35999384488345,0.0
91,4.022825850500702,4.439219509835977,0.0
92,2.6866122093545624,4.6925902729318265,0.0
93,3.188040876729827,3.947623989302388,0.0
94,3.430594133573821,5.094232803262754,0.0
95,3.2795155693481965,3.7959804536056865,0.0
96,3.2187265595191508,4.795451842559971,0.0
97,2.2623157858411003,4.490465643956381,0.0
98,2.1382230294187097,4.409588422646861,0.0
99,2.119627719238512,4.378727015793505,0.0
100,3.3002977029807785,4.008844081770008,0.0
101,2.880258021363478,5.070228876216242,0.0
102,1.2161166386294655,4.23349351031403,0.0
103,3.156378199174233,3.5243836729079283,0.0
104,2.0536584502018007,3.0323588036126337,0.0
105,1.327597407488185,3.12239511852264,0.0
106,5.039049565842529,6.6272989058301075,0.0
107,2.350113866353642,3.3215660042841284,0.0
108,1.983077198965456,2.9934761089975,0.0
109,2.151281180347304,4.007603251825399,0.0
110,4.528058624459732,5.933970262610638,0.0
111,3.123008838553165,3.353248978369882,0.0
112,2.3258526208419203,4.829344109537354,0.0
113,1.9757900543045923,5.586610660458334,0.0
114,1.8954948104858371,2.800485527216278,0.0
115,2.517002434392524,4.06731494077894,0.0
116,3.5063813144910627,5.563350196471649,0.0
117,2.186485235317928,3.861460105900742,0.0
118,1.4420147091576545,3.2805233973167303,0.0
119,2.9695544364115745,4.756843825201299,0.0
120,1.9705132023319023,4.092590602884353,0.0
121,2.639976920533082,4.081038028976807,0.0
122,3.669393504782209,5.097798006395556,0.0
123,3.774031480400745,5.2522083695302495,0.0
124,3.4365756441463704,5.217682738404807,0.0
125,2.926675390835765,3.5738888457853526,0.0
126,3.5326064287744225,4.33645030966643,0.0
127,2.621810288012793,3.7764150571898747,0.0
128,2.5590146147018458,5.262858607044208,0.0
129,3.4589126125366025,4.793389376591405,0.0
130,4.503767345483538,4.109421432953907,0.0
131,2.7991245065787242,4.095980132408372,0.0
132,4.677507731277474,5.6492179190980005,0.0
133,4.3892674841206345,3.9628924056821924,0.0
134,3.222429387449772,5.6037307171199755,0.0
135,3.141323041602282,4.928428853206966,0.0
136,3.6824672617790433,3.983145559053267,0.0
137,3.3552257662435965,4.950117442463254,0.0
138,2.604406731714942,4.462733277547726,0.0
139,5.44886895976915,6.291265724834107,0.0
140,2.023769853993415,4.9143248365503265,0.0
141,1.9605435445933532,4.139332054290046,0.0
142,1.9406072652820945,5.724845543265559,0.0
143,3.6420037235913885,4.738722807664609,0.0
144,3.9756539027241433,4.875856590284797,0.0
145,2.6851422081931746,5.463453037014773,0.0
146,3.1074092235410946,4.08054078822347,0.0
147,1.633819876601058,3.8908072662472075,0.0
148,2.6967604654347586,3.241926345755351,0.0
149,2.196720273295371,3.8283740082683915,0.0
150,2.7234110183447235,4.579220913475361,0.0
151,2.8841856403597963,5.008109762844606,0.0
152,2.043573872715045,3.9319409521410082,0.0
153,2.420934507079331,3.4582266298928386,0.0
154,3.2322342313498886,4.17135319627405,0.0
155,4.130236085429655,5.431442319435995,0.0
156,2.3170785292590352,3.082071342249993,0.0
157,5.054654904543469,6.800807579182491,0.0
158,1.6170476843103794,3.0778461059317497,0.0
159,2.801108710257329,2.9086800386389453,0.0
160,2.2052051451162287,4.592540275943559,0.0
161,3.087025108718915,3.4960321427609107,0.0
162,2.311131583575334,3.2179760188233586,0.0
163,3.7391617784620106,4.683498703009206,0.0
164,3.3981904703132684,5.362918082314819,0.0
165,1.086098476768714,4.007343958575711,0.0
166,3.32151138720949,5.283234282468687,0.0
167,1.734046616996162,4.645139522070381,0.0
168,1.6427700028188317,3.1027766369255754,0.0
169,3.937447501017657,4.830405921180567,0.0
170,3.4746626864879144,5.396797212540079,0.0
171,1.7640048355946258,4.581780230660252,0.0
172,1.6537078051307557,2.0876773346160746,0.0
173,2.87032573750694,4.9141831464565655,0.0
174,4.344021658848797,5.230617794501855,0.0
175,4.251562914080087,5.169956933323343,0.0
176,3.0329339638031394,5.168674483727612,0.0
177,2.3449167429772744,3.744224359224895,0.0
178,1.5550284060375898,4.553422880942794,0.0
179,2.3161383691543063,2.8660201750154646,0.0
180,2.2555128897199235,2.6697147913842993,0.0
181,2.585907234178125,4.472259910865165,0.0
182,4.581511866573667,5.913459170521946,0.0
183,-0.5174638992547465,2.4405776909573125,0.0
184,2.871360894647065,2.8165525552533706,0.0
185,1.1621698892309156,3.3516919818710056,0.0
186,2.977145177861513,5.491339933625182,0.0
187,2.905972119748459,3.973787596557748,0.0
188,3.4793325259972825,4.113789220541172,0.0
189,3.443592794462545,4.880807376368511,0.0
190,3.3036796054578215,3.4928876273645697,0.0
191,2.1361831265476283,4.544600100473964,0.0
192,2.7247786102069096,4.671543452505545,0.0
193,2.5799739235648267,5.298907230231904,0.0
194,3.4618667556203397,4.176735682356481,0.0
195,4.414880782608068,5.364251281364608,0.0
196,2.6580145673549893,4.093089177438067,0.0
197,3.6091994611259066,3.2382342041717616,0.0
198,4.368004181063336,5.651262903533238,0.0
199,3.1243680228175217,5.5598445908058505,0.0
200,2.834647075901134,3.7235614127683156,0.0
201,2.7529903430314517,3.7726450955585245,0.0
202,2.607664481063254,4.908143909909796,0.0
203,2.3573106051291965,4.0670984740854195,0.0
204,3.174540756472417,5.687608564166753,0.0
205,3.891184690958028,4.990044278223854,0.0
206,1.7081893587232166,3.9596150712030616,0.0
207,2.8311741408464433,4.628906636572201,0.0
208,2.7022109468329143,4.524883724953488,0.0
209,2.8673851036331164,4.185526625614104,0.0
210,3.59014697065422,4.305211901799692,0.0
211,3.83234896829982,5.515975555330238,0.0
212,3.719958492465437,5.328220646039044,0.0
213,5.124265147172054,6.510528715456994,0.0
214,3.2612808776471383,5.234922298290514,0.0
215,0.7889344390406552,2.816171785819688,0.0
216,2.813811062851982,4.879832400698169,0.0
217,2.9645531880600893,4.951273778734273,0.0
218,3.433100504906717,5.3087531257187255,0.0
219,3.0217380650446404,4.972182228963051,0.0
220,2.6334881501622385,3.662023680435711,0.0
221,3.1550129966122893,5.858298135517077,0.0
222,4.337922732861116,5.770152395086826,0.0
223,2.0977301336294603,3.5046739995234257,0.0
224,1.7945058482827387,3.28012032861643,0.0
225,2.1254935758684104,4.490056024350239,0.0
226,3.7169871390269047,5.319019652470706,0.0
227,4.398251975898644,4.831045434997694,0.0
228,1.0335178635149371,2.9163141336184366,0.0
229,2.8837306456223843,3.9618451326733135,0.0
230,2.6166643717544065,4.602569527090174,0.0
231,5.551533906569516,5.464536533397828,0.0
232,5.491390600046381,5.292381136844451,0.0
233,1.217728203305833,2.696287719053617,0.0
234,3.2967514979243617,5.074650323481213,0.0
235,1.022852253268184,3.110546085937848,0.0
236,3.245695230787337,3.4587000634385543,0.0
237,3.0688274494763808,4.265648308703409,0.0
238,3.1889088719311407,5.020314555684146,0.0
239,1.4138190736710137,2.3485217154432148,0.0
240,3.2044283319420934,4.4391716455760575,0.0
241,4.243441634463651,5.163840434326697,0.0
242,4.350942056887393,5.37481294381551,0.0
243,3.0641585133564826,4.673472411109518,0.0
244,1.2102202285275077,4.1798368133087065,0.0
245,2.6247647245720764,4.9031982008181805,0.0
246,5.501124708227497,6.138428322111506,0.0
247,3.5088377452234742,4.153693200549535,0.0
248,5.001513909329503,5.851361953047234,0.0
249,3.6548925638275374,5.22548903373679,0.0
250,3.53325818263446,6.5240172891103185,0.0
251,3.785306435583971,4.901981673202187,0.0
252,4.001748564477629,4.783156126670275,0.0
253,2.9236846577021844,4.67545663912982,0.0
254,3.253880779466113,4.263422464734564,0.0
255,2.582423934017916,3.972971354266907,0.0
256,2.8305256512599426,6.544436352618774,0.0
257,3.914618797976884,4.504126226386007,0.0
258,1.4013268668346086,3.4934818138731223,0.0
259,2.714525830290617,3.887306960405488,0.0
260,4.547215210298066,5.766025381339809,0.0
261,4.8027305222787104,5.092099655002125,0.0
262,1.9100987970480283,4.7568376822033525,0.0
263,1.8634485760881239,3.9800675907309446,0.0
264,3.516716515441729,5.551611797281531,0.0
265,4.090759024778482,4.07048126855536,0.0
266,3.126384296436488,4.925330005293268,0.0
267,2.2431974262110144,4.122739648512406,0.0
268,4.121468158265738,5.180897398624666,0.0
269,3.0042126867442653,4.772948581751346,0.0
270,1.2985239920944691,3.081156817949652,0.0
271,2.9892401446777837,5.148820154587787,0.0
272,1.6559514694842206,2.955514689849422,0.0
273,2.586303065108081,4.088737483667134,0.0
274,3.05243865960644,4.558010305674325,0.0
275,3.0000001665365037,4.859780526323952,0.0
276,2.7324055619309853,4.815969091560065,0.0
277,0.9366978835550066,3.1278649651976176,0.0
278,1.9179992202725495,3.499147538363791,0.0
279,3.7791613037035705,5.941291769933841,0.0
280,1.7456979772975558,2.834947669432985,0.0
281,2.8239897504608877,4.1109991634792,0.0
282,3.176048553067909,5.010998211383616,0.0
283,1.7640648613097,4.449643387915328,0.0
284,3.955206693421254,5.779711883633281,0.0
285,3.3463017013389047,3.7701594874945306,0.0
286,4.640322786700931,6.778572551638333,0.0
287,4.88049657036604,4.940898765753854,0.0
288,2.13280476480853,3.8507548378132923,0.0
289,2.0747187958809667,3.025881085347514,0.0
290,5.862671657266003,6.049041270297426,0.0
291,2.047298403175689,4.646729245401755,0.0
292,4.480899057111147,5.400161710120267,0.0
293,2.4093049161240545,4.10019316095802,0.0
294,1.9098306164696,4.482131687585978,0.0
295,2.8575630486744177,4.280398334389052,0.0
296,2.6238068451067926,3.9127440821622614,0.0
297,2.9020748031731833,4.577303438652568,0.0
298,3.450022338532403,3.803118018836656,0.0
299,3.1606175798951903,4.828333133887247,0.0
300,3.7225737279391824,5.279234012115956,0.0
301,3.2981094766937105,4.408312603357886,0.0
302,2.6496594091873376,3.7699293142330585,0.0
303,3.2884219088717885,4.932673209427397,0.0
304,2.848445402762458,4.2692463677478365,0.0
305,2.317726002768893,3.366557523214393,0.0
306,3.171661140618346,4.579920962020822,0.0
307,2.284555313331082,2.8916800826427775,0.0
308,2.8625217349615357,3.5356336567804387,0.0
309,1.971768238953912,3.5438171061999575,0.0
310,0.6749665624312904,1.7832613489823232,0.0
311,3.3698673808420567,5.970470717558257,0.0
312,4.85975806742662,6.170854409932099,0.0
313,3.196753197960444,4.350421309928661,0.0
314,2.2477329729756956,2.4962214706816086,0.0
315,4.021153709579123,5.6659520417459355,0.0
316,3.439115764923925,5.019429905853783,0.0
317,4.281131354320973,5.766640933269779,0.0
318,1.3019155316293238,3.804175145274602,0.0
319,4.3749573892469,5.929808879308771,0.0
320,3.0095996531280647,4.887791652029338,0.0
321,4.129553207975024,6.31725120812958,0.0
322,3.011410480637163,3.717243842988297,0.0
323,3.5796702383232413,4.8903313652584535,0.0
324,1.739314903003044,4.9037349763393925,0.0
325,3.957612522723591,5.188791112898547,0.0
326,5.150980052802046,6.437982764770075,0.0
327,3.7918165676315674,4.134378767161352,0.0
328,3.6068068300265455,5.576212055121298,0.0
329,3.928604252329961,4.359301814195234,0.0
330,1.6187615750711886,3.03356105839362,0.0
331,1.6841550457585983,3.228665378947153,0.0
332,4.042481053861304,5.220802652304241,0.0
333,3.0438368221039784,3.5453089551114143,0.0
334,2.7950375389437045,4.405080255757971,0.0
335,3.670631990363066,5.374919064918955,0.0
336,3.2004161449249366,4.847419816685449,0.0
337,2.7559366191854555,5.187326870132663,0.0
338,3.1029595732719875,4.2057256148480615,0.0
339,3.0849457639797624,5.08902860429502,0.0
340,3.914424496352188,5.227540415242198,0.0
341,3.7072278392223086,5.814089136760865,0.0
342,3.4804175975144926,4.551150518653902,0.0
343,3.063137760465,4.521106959259383,0.0
344,2.029042509473372,3.254971597163899,0.0
345,2.014231551342555,3.299515662466235,0.0
346,3.879173784134308,4.697624946792559,0.0
347,1.8737911616520224,3.819370305392893,0.0
348,3.3327200512605955,3.7427619942882226,0.0
349,2.1544207887350257,4.730502351766472,0.0
350,2.9482692731426456,4.898747233707166,0.0
351,2.8120436824459283,3.725534695234834,0.0
352,2.0409010300701285,3.292906956371527,0.0
353,3.3384342166679315,4.3039684807367795,0.0
354,2.8309006476882552,4.389662183245348,0.0
355,3.8055302773429256,4.889920015820575,0.0
356,3.048999388063004,3.9522766731727272,0.0
357,3.4740154313868903,4.821643748480496,0.0
358,3.629836522714411,3.470403445820967,0.0
359,0.7380234600096016,2.2420502780104545,0.0
360,2.629358113207334,3.280344597727898,0.0
361,3.2460126088279457,4.79516340058232,0.0
362,3.1486136929645188,5.5449540003298114,0.0
363,4.576803640039323,4.278217540698818,0.0
364,1.8288406016781984,2.934686566135207,0.0
365,3.165028878052664,4.865134672330981,0.0
366,3.034043999921568,5.202667011000517,0.0
367,3.4653525973650456,4.014905234730778,0.0
368,2.8752943239757243,4.689403252165818,0.0
369,3.4653918013489613,4.761126535759061,0.0
370,4.527209140396167,5.309323009656232,0.0
371,2.6982389984527018,4.914917183439292,0.0
372,4.645813164460559,5.233171093848705,0.0
373,4.946583584079235,4.699235080816939,0.0
374,2.4750749221048247,4.691541911466693,0.0
375,5.085653127345038,5.472989172615686,0.0
376,2.100535233345905,3.5254825034863164,0.0
377,4.305346185747613,5.314428651544324,0.0
378,3.2853866851861455,4.258883491517986,0.0
379,3.3803670478347674,4.7001199615826135,0.0
380,3.1450745583413666,3.795053077672089,0.0
381,3.0767037527809027,6.1853106648421905,0.0
382,3.111593864569378,5.673756079099349,0.0
383,3.1117233085262868,3.809514573708881,0.0
384,2.491235853030488,3.8421225912170796,0.0
385,4.7791817181860266,4.785730116460467,0.0
386,2.458508346939651,3.8943552964075137,0.0
387,2.4086409053985123,4.37729500520159,0.0
388,2.628833638291837,5.0835784002378785,0.0
389,3.856283040474504,5.30552081098543,0.0
390,3.2802083030892097,5.124315454724089,0.0
391,2.6279246328866703,4.783510030359031,0.0
392,2.393143219241028,4.432848652012382,0.0
393,4.48490553625496,5.630275804974549,0.0
394,2.3032475071896097,3.806929695269478,0.0
395,2.8260222349968385,4.706816197790283,0.0
396,2.314878725227935,4.0115472181066965,0.0
397,3.9376725810877753,4.772791055150076,0.0
398,3.9448340720923945,4.654973971037738,0.0
399,4.309058459970816,5.223525104357945,0.0
400,3.7235234502796377,2.3596946889271178,1.0
401,2.2051641558888257,1.972799440883082,1.0
402,4.244612956199012,3.504804922629923,1.0
403,5.395384430733542,4.427948223428178,1.0
404,5.032398047624097,3.5762841966747114,1.0
405,3.5560514907929117,3.510119246119009,1.0
406,4.236390799424163,4.104110416899185,1.0
407,2.4141569821254727,2.594258745899273,1.0
408,4.485462368820874,3.8588198873402746,1.0
409,3.1790603028593933,3.4969583846618706,1.0
410,5.758623464449482,3.4671196452430126,1.0
411,3.4998367382023483,2.9745774187511644,1.0
412,2.9754189556828172,2.2789234996616274,1.0
413,2.8112571497845686,3.634591756743291,1.0
414,3.956689696920781,4.4475127994966455,1.0
415,5.457590358616088,3.18355514038224,1.0
416,3.075872584003907,2.8894070117352326,1.0
417,3.3052943951143967,2.0673871838459674,1.0
418,4.823658807282097,4.076656752708649,1.0
419,4.850929603757857,4.29558537111711,1.0
420,3.5199859335768635,3.10130358323711,1.0
421,4.1190940829713485,3.6593766158921053,1.0
422,3.1916606307254494,2.445864728194061,1.0
423,4.375681174162956,4.209580947992476,1.0
424,4.351675793868563,4.023708971895452,1.0
425,4.083035397979737,3.120176316494056,1.0
426,3.9703938039153086,2.7914326380114804,1.0
427,4.282013840882939,4.044440428294374,1.0
428,4.800922785852967,3.988928846729699,1.0
429,2.338925032697186,2.7219698346358316,1.0
430,5.190584558802039,4.603639090547296,1.0
431,4.32225491473145,4.020707116407115,1.0
432,3.4857986427080063,3.1215152825132226,1.0
433,4.386194870701262,3.497070233211461,1.0
434,3.630504204442032,2.340083146514889,1.0
435,4.343973238666197,4.069538882641747,1.0
436,3.024833958031775,1.6097391928926832,1.0
437,6.084002815356781,5.060267839381422,1.0
438,4.456819528306046,3.458043471858136,1.0
439,3.621812444074768,4.457898826366481,1.0
440,4.782393875596755,4.135499750090922,1.0
441,3.7680078326290576,3.245559394659924,1.0
442,3.625512937846324,2.570918374819837,1.0
443,5.0747650514968585,4.107846739507877,1.0
444,2.9404003180814504,2.163490681974382,1.0
445,5.316381712091626,5.132349329715967,1.0
446,5.119843048263965,4.561904730651824,1.0
447,4.783367550678868,4.42714255341695,1.0
448,2.7411455575113006,3.1449531300858844,1.0
449,2.648812868408428,1.7153791834936796,1.0
450,2.6908322383085608,2.0560796625669906,1.0
451,4.2234519108478965,4.2312928445580535,1.0
452,5.26420092932544,4.004423069077459,1.0
453,4.919868166067047,4.15025420437998,1.0
454,4.127036230791964,3.7060659977308803,1.0
455,4.264069629714803,4.540509281189674,1.0
456,2.742144818093028,3.6873328392063103,1.0
457,3.7743335407478935,4.484489391019485,1.0
458,2.650861598069548,2.0245141268794433,1.0
459,5.0097175464839765,4.329669112896699,1.0
460,3.620286928007313,3.1899356281007396,1.0
461,4.2407445920288165,3.2067367746249964,1.0
462,3.606683290778545,3.8706475894129193,1.0
463,3.8370340429359056,3.134021862293907,1.0
464,3.739374671722514,3.500712326647028,1.0
465,3.704371058097723,3.507299431038692,1.0
466,4.1810988082190015,4.077295700012029,1.0
467,3.194343408080408,2.9290216207054884,1.0
468,5.991157083276031,4.975695372183627,1.0
469,3.549166931080584,3.3353701026986657,1.0
470,3.7546307318570666,4.1698061429995406,1.0
471,3.6072225250546346,3.084746871335567,1.0
472,4.6273866698984865,2.665438417376911,1.0
473,3.761266790864025,3.357074940548542,1.0
474,2.8917691863046677,2.918527969571537,1.0
475,4.0679467091345884,3.5559310921014364,1.0
476,4.255949317253852,3.109946175882109,1.0
477,5.673159751981513,4.977312296213015,1.0
478,4.063289275012873,4.5535130792699405,1.0
479,3.6319380716188614,3.0167708697119844,1.0
480,3.8150560704345824,1.5632321463365104,1.0
481,5.15333756808801,5.539834162149971,1.0
482,3.927634462806103,2.970538619460176,1.0
483,3.1976180222947233,3.1682584861962257,1.0
484,4.000922179893725,3.0549551842014786,1.0
485,4.437265094371616,3.403603305187656,1.0
486,4.007359962666556,3.2330673035500985,1.0
487,3.3427209107302214,2.3237943537739882,1.0
488,3.964421139310771,3.5475936099592613,1.0
489,1.8578509221081043,2.579548474909709,1.0
490,3.1361456303170567,2.4015183506110125,1.0
491,3.2369108204983843,2.187897732820127,1.0
492,4.95485818770936,3.759294799109395,1.0
493,3.709553621623314,4.004493157922725,1.0
494,4.800186586700955,3.436432164323561,1.0
495,3.5908679005232833,3.146044462790841,1.0
496,2.9737386433858006,3.1271740142077977,1.0
497,4.555918347011205,5.467396491003451,1.0
498,4.966900692914479,5.147619342051494,1.0
499,3.3545501607042283,3.3257494954953457,1.0
500,2.851663432854945,1.4867804224953252,1.0
501,3.297859828457817,1.5256152525245261,1.0
502,4.355446748862732,3.763052282607037,1.0
503,4.262620535998692,3.999695294278474,1.0
504,1.8511804988837868,3.532309889176987,1.0
505,2.561954825071802,2.2641227154475274,1.0
506,4.239501869957763,2.539781959048778,1.0
507,4.927289440982889,4.318262555814923,1.0
508,4.031410104104832,3.657965265663344,1.0
509,4.441103965842373,4.624070353093336,1.0
510,4.670256734119914,5.259760121201422,1.0
511,4.2944698250895605,3.7434664179206205,1.0
512,3.8863052848940485,4.344254882932539,1.0
513,5.233893696368816,3.9381110366653234,1.0
514,4.554187416136137,4.706225923978156,1.0
515,4.3858439380425365,3.511102128391291,1.0
516,3.3758300853133685,3.5147677194596234,1.0
517,2.4932838231133534,2.3955655112913927,1.0
518,5.4577805726392725,4.165859692839708,1.0
519,2.3677280833894727,2.7750077421280537,1.0
520,4.981830978245713,3.6690874514243537,1.0
521,3.7691065669280266,3.443095259187755,1.0
522,3.677879948921812,4.0085128032479025,1.0
523,2.6845413744457383,3.439975119919476,1.0
524,4.648825243137832,4.213269314651986,1.0
525,5.788028024109678,4.829798337688306,1.0
526,4.6227311396645865,4.1770593521137975,1.0
527,5.264829991203029,3.1778880193085364,1.0
528,6.41146156810825,5.167406406480525,1.0
529,3.3122649843548544,3.646043245573125,1.0
530,3.5030988421779465,2.4213454471523295,1.0
531,3.8726546056655473,3.201245661694832,1.0
532,4.051757411744064,4.593517319780728,1.0
533,4.566974592797996,4.54158658599016,1.0
534,4.611497765114936,2.5423231294025843,1.0
535,3.4597292195777256,2.6763593829664947,1.0
536,3.437807189416668,3.2117260605772033,1.0
537,5.681561260455581,4.36139107378464,1.0
538,3.2960071124665267,3.908390226406855,1.0
539,5.49358623125433,4.533806989411763,1.0
540,4.30811683011125,3.332683244041747,1.0
541,3.1067813297330797,3.0414983042927592,1.0
542,2.6115856024034283,2.7458973468148975,1.0
543,5.5902884387929035,4.408127399768229,1.0
544,4.126065312726685,2.699723063621644,1.0
545,3.224285311422078,2.9813360303310876,1.0
546,2.4238880982939333,3.5775179733208473,1.0
547,2.2644807102417106,3.2447146303175916,1.0
548,5.691018307826122,4.7204307662135525,1.0
549,4.816477688799731,4.6409800068334075,1.0
550,3.2795372826506863,2.3300585128809943,1.0
551,3.886735180019256,3.449395681648842,1.0
552,3.414891693693543,3.473686449444894,1.0
553,3.479944604173132,2.8264690232347798,1.0
554,4.967586010051087,3.9889704598317657,1.0
555,5.662815361552452,4.524921298709682,1.0
556,5.56032844041996,4.329588557214686,1.0
557,4.087445144677078,4.7537732620652,1.0
558,5.0471259907349335,3.897251994489661,1.0
559,3.1802278939931483,2.6851799516465675,1.0
560,4.42975972037596,3.890817196537232,1.0
561,5.358886600165672,4.692556949475754,1.0
562,3.162217949216335,2.4540344735823116,1.0
563,5.129696561837552,4.000811473253916,1.0
564,3.6990593615093177,4.08329813653245,1.0
565,3.699204796576693,4.166222266153818,1.0
566,3.2743945660527367,2.7779727713740114,1.0
567,3.348847819158312,1.8947282016251028,1.0
568,3.1381348059560885,3.4207590699299946,1.0
569,6.257112101782843,4.566367372664721,1.0
570,5.177502790752244,3.6087670958267575,1.0
571,5.516146254578667,5.75566048009328,1.0
572,4.6532802632155645,4.2062698611140545,1.0
573,5.3671132972913425,3.3937747493657437,1.0
574,3.61102950089979,3.771978341807734,1.0
575,3.3207955502476185,0.8185154033605366,1.0
576,7.017044153327278,5.560059722746391,1.0
577,3.585902376328109,3.660371571506898,1.0
578,4.738291198936562,4.343257408647587,1.0
579,4.267580309573009,3.4886976405275454,1.0
580,6.175138725956608,5.019489771309194,1.0
581,4.726391004506488,3.6835201196774814,1.0
582,4.483422836940083,4.6673639374996245,1.0
583,3.2370570920634467,2.590518795543707,1.0
584,4.992950688369315,4.33376716157454,1.0
585,3.6630082937236086,2.063749948736788,1.0
586,6.2816552387960005,5.153320354169061,1.0
587,5.611726760271334,5.1599461635436725,1.0
588,4.675268472960932,4.644481195893969,1.0
589,4.099947387958489,3.876289913848793,1.0
590,4.214291147160684,2.850297728004321,1.0
591,2.7448487385703126,2.286066745647582,1.0
592,4.480518905230589,4.142691166113729,1.0
593,2.7619162544838773,1.9492834571567668,1.0
594,4.990972960955947,5.040780359629034,1.0
595,4.036548390779409,3.3222204402435755,1.0
596,3.017893910703502,3.6278229635577786,1.0
597,2.2971196900497093,0.6856119744930447,1.0
598,3.563175656132928,2.725955597000486,1.0
599,2.295241079199996,2.526145949383543,1.0
600,1.8438651118263767,0.3388053906013276,1.0
601,3.97118355396784,3.2324932955111163,1.0
602,3.6320783902129734,3.4286910637750947,1.0
603,2.2103745234227548,2.8177935729229393,1.0
604,5.0039781914943005,5.054182263456998,1.0
605,3.549165469954514,3.7174783284698374,1.0
606,3.890113071316196,3.231692534348015,1.0
607,4.176876129060897,3.4427654887055685,1.0
608,2.009843176701927,2.1701971711591996,1.0
609,2.7752789080877207,1.5137866001574207,1.0
610,4.209735167729336,3.6729561936532256,1.0
611,3.2470115911701565,2.2708644913526213,1.0
612,2.6063539984096966,3.3044703722687268,1.0
613,3.4030366606576705,4.316812388003791,1.0
614,4.047718308011115,3.7574864028239836,1.0
615,4.326983694615237,3.8425218526990683,1.0
616,3.058919190497967,2.6295749808743887,1.0
617,3.30447894732858,2.2009319360307775,1.0
618,3.652047766496092,1.9209334088638552,1.0
619,4.17038120754152,3.598716347828111,1.0
620,4.7459074322084405,3.7130919092834325,1.0
621,4.69856812797098,3.740156294823569,1.0
622,3.9498184567072965,3.5247203520071473,1.0
623,3.5687418394445785,3.7013790157695565,1.0
624,3.80894127263588,3.724513904952668,1.0
625,2.4630683075882747,2.585629895795728,1.0
626,3.328482069788892,3.426288694998104,1.0
627,3.6449599132865886,3.227722355404066,1.0
628,4.730962564290538,2.383047316692698,1.0
629,4.329526356855673,3.33315514435289,1.0
630,3.0746162102890087,2.646545444781596,1.0
631,3.3606125941542517,2.0847985999572596,1.0
632,4.581904137654731,2.920237639618332,1.0
633,4.1793827681687965,4.693015379996193,1.0
634,4.9007530188158475,3.9981702784293107,1.0
635,4.4284380089923046,4.474728555925531,1.0
636,3.615846605037377,2.5913490185166164,1.0
637,4.630246468598837,4.68212980144604,1.0
638,3.858863347563665,3.0234198063432225,1.0
639,4.888000796972385,4.31884995902669,1.0
640,4.688580343499833,4.743620476421707,1.0
641,4.361606896629084,3.268308991414184,1.0
642,2.7005802091289874,2.490987839199561,1.0
643,4.244206236756926,3.6712710545515117,1.0
644,5.136283849646063,4.4386875310073695,1.0
645,6.2118188713140015,4.6315394980159486,1.0
646,6.607894463975791,5.286174569011393,1.0
647,3.0331441690888354,1.3593546699477945,1.0
648,4.542327301763971,4.571670872503679,1.0
649,3.3427608282070773,2.3752435926397766,1.0
650,2.6083313642423347,4.442955808807957,1.0
651,3.8090557711949815,3.0626565144467612,1.0
652,2.5477364304393437,1.9913646633501099,1.0
653,5.1531340796371845,4.906640681995494,1.0
654,2.8155930467719084,2.656767357902631,1.0
655,3.3417357208227836,2.968286048177754,1.0
656,4.739927973256108,3.6126998312228857,1.0
657,5.399755256159184,4.373877114774772,1.0
658,5.229515387195988,4.8760789455670235,1.0
659,3.5489170223002,1.99200742064615,1.0
660,3.6330774158079366,2.358805463700925,1.0
661,5.192619814836772,3.4790039303808102,1.0
662,3.2544735317162568,2.877302564270708,1.0
663,5.502429852341485,4.584219456172852,1.0
664,2.811798386848736,3.038701386586942,1.0
665,3.5809886545249014,3.7200665601961886,1.0
666,4.7230945544918415,3.2733202312306484,1.0
667,5.120576782419316,3.794697360052451,1.0
668,4.3192012072664765,3.269991693170338,1.0
669,4.880299655708335,3.931999400239946,1.0
670,5.191105483063443,3.219162989573296,1.0
671,4.9805400529085615,4.466294925737905,1.0
672,3.2108937097739667,3.1635557826968173,1.0
673,6.1135202496276815,6.826982821895549,1.0
674,4.242602044028971,3.84948241640278,1.0
675,3.0286082412183437,3.2088286278244875,1.0
676,3.438855713643772,3.716961202497343,1.0
677,4.33112333907096,2.824679770222797,1.0
678,4.955967731660161,3.997503994460795,1.0
679,3.1337393636699664,2.2471183970609996,1.0
680,5.101871361698928,5.211994052249166,1.0
681,4.488821373961748,3.370762365429574,1.0
682,3.6553476461663705,3.0209400612813084,1.0
683,3.0344575345649423,2.675287399798816,1.0
684,3.4569314164091045,3.6664008667033134,1.0
685,6.762230170226044,5.355247987783616,1.0
686,3.1774915895864684,1.839479056759023,1.0
687,3.2942060780448683,4.422640692244762,1.0
688,3.6487908865533374,3.8223746477962957,1.0
689,3.237603551398192,3.264824911979272,1.0
690,4.484579104966824,3.2091071985217443,1.0
691,5.274111127413847,6.609340850571845,1.0
692,4.4961182349730215,3.608455337245923,1.0
693,5.090458378435444,4.0856555250610676,1.0
694,3.1169699444016135,2.894377293633659,1.0
695,3.6042463330938577,3.093226068356141,1.0
696,3.4481142890155168,3.2606351176997306,1.0
697,4.349084524648735,4.063368059005201,1.0
698,6.4681116152351255,6.239227126765327,1.0
699,4.342926042502153,3.090286608723142,1.0
700,3.809026499613817,3.7145854286695963,1.0
701,2.2764528428680957,1.640997419691996,1.0
702,4.6699512084909856,4.419662849713011,1.0
703,4.26226181986664,4.011292271244658,1.0
704,5.2506540262623576,4.500954730067362,1.0
705,4.9645893380832495,4.019120299498696,1.0
706,3.571345781574544,4.141262039289687,1.0
707,2.6559087993355304,1.987494598670868,1.0
708,2.804347669363124,2.624804754811358,1.0
709,3.0383363252827773,2.3281278706456527,1.0
710,3.49037978465982,3.4067835463236142,1.0
711,2.5684475323531477,2.5859117014393345,1.0
712,4.40602705063028,3.962844754434446,1.0
713,5.0184013967219725,4.154955523803908,1.0
714,3.8316172555612895,3.886165038772297,1.0
715,3.542993400329949,3.188792314314532,1.0
716,3.0375781839950613,2.560740706674124,1.0
717,3.7340148786466565,3.67950302261312,1.0
718,4.463960094742311,3.015222399609743,1.0
719,5.116889208980245,4.222982154910966,1.0
720,5.20400047794551,5.7203651303452805,1.0
721,3.3651479378873654,4.193779149575105,1.0
722,6.5935627962446395,5.422673051466351,1.0
723,4.623098788823288,3.864991245176264,1.0
724,4.818927624693062,4.770815301691378,1.0
725,3.9161624961419657,2.9343598913845486,1.0
726,5.212437692535413,3.7884282622815366,1.0
727,6.197509515145471,5.807614598979106,1.0
728,3.4991892017933415,3.3704936483789276,1.0
729,4.409709068324243,4.112860159516034,1.0
730,3.9111113519275373,3.1945272734765657,1.0
731,4.933605407624975,4.544392038021727,1.0
732,3.4966523636028586,3.841238507883786,1.0
733,3.276923754625783,2.532358892731231,1.0
734,5.261997462815068,4.52900634613243,1.0
735,5.765044380322284,4.8215431645755915,1.0
736,3.3829592756803804,2.6236627085793236,1.0
737,4.885832400983792,4.639693801844339,1.0
738,4.121676098282991,3.3260190093147286,1.0
739,5.041987672787121,4.951091161991772,1.0
740,3.055268320232704,2.4375243808069413,1.0
741,3.657995242508669,3.7977102527021174,1.0
742,4.737739925945462,4.67236126604958,1.0
743,5.025359755270008,4.560470936221851,1.0
744,5.8296447785965535,4.174444928825018,1.0
745,3.535633326757235,3.7068094217469616,1.0
746,4.231085107619202,3.9478080816047854,1.0
747,4.868200854614562,3.180262219096747,1.0
748,2.786841095108623,3.399803171781305,1.0
749,4.761894502097109,3.4459543381502806,1.0
750,5.114851932141391,4.044039825776872,1.0
751,4.813563350928839,3.0078498238244884,1.0
752,3.0565503972753136,2.3100735179220715,1.0
753,3.8022654496747017,2.5665866588916764,1.0
754,3.2794007827250926,2.4502972987507903,1.0
755,4.760142111275968,4.636579050912354,1.0
756,4.038073564546827,4.0902892617366025,1.0
757,5.199642990333609,4.359884529657433,1.0
758,3.8570973283263212,3.4835150692210326,1.0
759,3.9443801656563218,4.515133998481215,1.0
760,4.214710694009016,4.640631364615054,1.0
761,3.5565691647350457,4.2600810743507225,1.0
762,1.7845533563004414,2.4222721765000834,1.0
763,4.083826341539916,4.274387136982146,1.0
764,3.819057424406422,3.454521226891306,1.0
765,4.8329736477338185,3.9977371767023326,1.0
766,4.772995774522672,5.134380693921882,1.0
767,4.887706716894877,4.583158790702185,1.0
768,3.3626530950198865,2.2333488531577013,1.0
769,5.132876805450903,4.498593397372327,1.0
770,5.652869328477818,4.52929157983679,1.0
771,3.5006202183349817,3.7458992198335577,1.0
772,3.026973039653088,1.901398354652095,1.0
773,3.5225185622169364,3.353695633725214,1.0
774,4.111119348392942,3.123857563659129,1.0
775,3.215550340994643,2.511314038664177,1.0
776,3.7314108329027578,3.412682283332457,1.0
777,3.3370560257771067,2.536371685802751,1.0
778,3.8986789038285874,2.065361481622432,1.0
779,4.889777636056444,3.9385113819544357,1.0
780,2.9781554084058266,4.212191513851199,1.0
781,4.4691895724409525,4.520724920287625,1.0
782,3.890909736822331,3.5722766799021572,1.0
783,3.9570544601968463,3.4877318372781443,1.0
784,3.3638427368255277,1.7549232334953944,1.0
785,3.4622845201732506,2.3742124774523106,1.0
786,2.5951552436853724,2.747019158591427,1.0
787,3.1789633605536096,3.549709419863448,1.0
788,3.3752217700170286,3.2210763156480517,1.0
789,3.566056618197828,3.3305167545838517,1.0
790,5.114284868856603,4.176481475527069,1.0
791,3.8395548071331613,4.006436868311779,1.0
792,4.541016494300894,3.833255357684243,1.0
793,3.6158104717162742,3.1083245023043116,1.0
794,2.192153730251798,3.134702437903517,1.0
795,3.724696592632334,3.1450123986147736,1.0
796,3.1390552630067527,1.7868371093797426,1.0
797,2.9690952608079217,3.0081537307238473,1.0
798,3.957531021031489,3.305492680725723,1.0
799,4.025334024140051,2.5041507152900677,1.0
